essay_id,exam_id,total,model_type
DM-7325b7a0a86c149a,De_1,7.0,tfidf_ridge_total_only
DM-6b164a7800e514b0,De_1,8.0,tfidf_ridge_total_only
DM-bf10942c8235590a,De_1,8.0,tfidf_ridge_total_only
DM-c2e13b2ce8179060,De_1,7.0,tfidf_ridge_total_only
DM-41fd4e9b522edd96,De_1,7.5,tfidf_ridge_total_only
DM-a6c834e41eca944a,De_1,7.0,tfidf_ridge_total_only
DM-32d585fb739c847b,De_1,7.5,tfidf_ridge_total_only
DM-a4c0250a7057a4a4,De_1,7.25,tfidf_ridge_total_only
DM-5f7a4e677a745428,De_1,7.5,tfidf_ridge_total_only
DM-63378f89d7d951bf,De_1,8.0,tfidf_ridge_total_only
DM-c2da66bd907313cf,De_1,6.75,tfidf_ridge_total_only
DM-431d9b0757841026,De_1,7.5,tfidf_ridge_total_only
DM-8d789966781d76ec,De_1,7.0,tfidf_ridge_total_only
DM-11152d6d20257f05,De_1,8.0,tfidf_ridge_total_only
DM-5e032a0b0652850f,De_1,6.75,tfidf_ridge_total_only
DM-0336f46ceb47b0a0,De_1,7.25,tfidf_ridge_total_only
DM-1d5c98728518ba82,De_1,7.5,tfidf_ridge_total_only
DM-f6959fcd3421e11b,De_1,7.5,tfidf_ridge_total_only
DM-8e6f8d031c3595d7,De_1,8.0,tfidf_ridge_total_only
DM-eb6da56a748004c7,De_1,7.25,tfidf_ridge_total_only
DM-7c69e2c4e49e1fbb,De_1,7.25,tfidf_ridge_total_only
DM-4dd917cea6c73130,De_1,8.0,tfidf_ridge_total_only
DM-5db061300d36810c,De_1,7.25,tfidf_ridge_total_only
DM-facbe1e55c77d567,De_1,7.75,tfidf_ridge_total_only
DM-d610fd2164ac3ce3,De_1,7.75,tfidf_ridge_total_only
DM-e8033545e0e14079,De_1,8.0,tfidf_ridge_total_only
DM-683b5fcf0c8cc91e,De_1,7.5,tfidf_ridge_total_only
DM-f310bd00c462a74b,De_1,7.5,tfidf_ridge_total_only
DM-c68bc16a163eea7e,De_1,8.25,tfidf_ridge_total_only
DM-8eec75981d088c48,De_1,7.5,tfidf_ridge_total_only
DM-48f928c293cfdc72,De_1,7.75,tfidf_ridge_total_only
DM-c1db14922b384176,De_1,7.5,tfidf_ridge_total_only
DM-7e048b3998c3829c,De_1,7.5,tfidf_ridge_total_only
DM-363c103ebad3bb7c,De_1,8.0,tfidf_ridge_total_only
DM-43d685d52d92e3bf,De_1,7.75,tfidf_ridge_total_only
DM-64300f1616e6157f,De_1,7.75,tfidf_ridge_total_only
DM-29a7617f0dac3ca9,De_1,7.25,tfidf_ridge_total_only
DM-325a2698895b96e3,De_1,7.25,tfidf_ridge_total_only
DM-6cf3d364050e8a11,De_1,7.25,tfidf_ridge_total_only
DM-1b411c8327975738,De_1,7.75,tfidf_ridge_total_only
DM-fa2b1d5588d29ba7,De_1,8.0,tfidf_ridge_total_only
DM-3ca476bf1751e492,De_1,7.25,tfidf_ridge_total_only
DM-3d47916f0ce854be,De_1,7.25,tfidf_ridge_total_only
DM-8d21d38133c9c00c,De_1,7.25,tfidf_ridge_total_only
DM-2373ff0bfdaafc32,De_1,8.0,tfidf_ridge_total_only
DM-25da91c06239d4ff,De_1,8.0,tfidf_ridge_total_only
DM-db6b0a95770be3c2,De_1,7.75,tfidf_ridge_total_only
DM-8476bd53a71f8160,De_1,7.25,tfidf_ridge_total_only
DM-db019d97aa3827d9,De_1,8.0,tfidf_ridge_total_only
DM-22359e9166be9483,De_1,7.25,tfidf_ridge_total_only
DM-0e0aabe0d29ebec4,De_1,7.5,tfidf_ridge_total_only
DM-e7538d2a341e33d8,De_1,7.5,tfidf_ridge_total_only
DM-c4b086b2087044d2,De_1,7.25,tfidf_ridge_total_only
DM-2c59e327eb40c393,De_1,7.25,tfidf_ridge_total_only
DM-13a3da5d9ba61550,De_1,7.0,tfidf_ridge_total_only
DM-9450575306d153e7,De_1,7.25,tfidf_ridge_total_only
DM-6291bb78e86414f6,De_1,7.25,tfidf_ridge_total_only
DM-dd4c1fc86cee8bb8,De_1,7.5,tfidf_ridge_total_only
DM-8146820c238f7f31,De_1,8.0,tfidf_ridge_total_only
DM-a0c10b9b37e9baeb,De_1,8.0,tfidf_ridge_total_only
DM-37a76338751d0f7a,De_1,8.0,tfidf_ridge_total_only
DM-3f2830037667d95f,De_1,7.5,tfidf_ridge_total_only
DM-344a4b321d3cff7b,De_1,7.5,tfidf_ridge_total_only
DM-7838687b2f4fb287,De_1,7.5,tfidf_ridge_total_only
DM-bf45cd5bfca4a2e9,De_1,7.25,tfidf_ridge_total_only
DM-0a70c6e893eaa98a,De_1,7.5,tfidf_ridge_total_only
DM-62ab3de577c9091f,De_1,8.0,tfidf_ridge_total_only
DM-b0f848c47b7c5cf7,De_1,7.75,tfidf_ridge_total_only
DM-7b44aad770419572,De_1,7.5,tfidf_ridge_total_only
DM-0726410f4fd709bd,De_1,8.25,tfidf_ridge_total_only
DM-bed5d1b76b5ebccf,De_1,8.0,tfidf_ridge_total_only
DM-718d44c8bef58423,De_1,7.5,tfidf_ridge_total_only
DM-c1ab2af610f0f27b,De_1,8.0,tfidf_ridge_total_only
DM-a77bac492f989a9a,De_1,8.0,tfidf_ridge_total_only
DM-19c488e3b553d679,De_1,8.0,tfidf_ridge_total_only
DM-bfbdde05b3e49687,De_1,7.5,tfidf_ridge_total_only
DM-56a3227f07373ab9,De_1,7.5,tfidf_ridge_total_only
DM-1564207fde23ccb6,De_1,8.0,tfidf_ridge_total_only
DM-3198397a1bddee87,De_1,7.75,tfidf_ridge_total_only
DM-1ac4b3ce13316ec6,De_1,7.0,tfidf_ridge_total_only
DM-10028f97b9656db4,De_1,7.25,tfidf_ridge_total_only
DM-0ef8c9e07ea3d6f6,De_1,7.25,tfidf_ridge_total_only
DM-e91d0e837ff43c47,De_1,6.75,tfidf_ridge_total_only
DM-f24a6004109e1c9b,De_1,6.75,tfidf_ridge_total_only
DM-44598d3fd7b31169,De_1,7.5,tfidf_ridge_total_only
DM-130c854faf1267d8,De_1,7.5,tfidf_ridge_total_only
DM-8bd051c84293950f,De_1,7.5,tfidf_ridge_total_only
DM-c0aa2c962ab4651c,De_1,7.5,tfidf_ridge_total_only
DM-93e03b425fa6de94,De_1,7.25,tfidf_ridge_total_only
DM-144332155e26040d,De_1,7.5,tfidf_ridge_total_only
DM-136cfaea61863f40,De_1,7.5,tfidf_ridge_total_only
DM-1587d3ebf7287f53,De_1,7.75,tfidf_ridge_total_only
DM-441d7e3e8d3e5bdf,De_1,7.5,tfidf_ridge_total_only
DM-81f47b543a0ae6e3,De_1,7.5,tfidf_ridge_total_only
DM-bdea865cf1505d69,De_1,7.75,tfidf_ridge_total_only
DM-1b272904259f16ad,De_1,8.0,tfidf_ridge_total_only
DM-9d231026786f4dcb,De_1,7.25,tfidf_ridge_total_only
DM-614e83c79f3fe7a2,De_1,7.0,tfidf_ridge_total_only
DM-5f54a8ef55c29412,De_1,7.5,tfidf_ridge_total_only
DM-980363597a79a2e0,De_1,7.0,tfidf_ridge_total_only
DM-7467850681604d40,De_1,8.25,tfidf_ridge_total_only
DM-77c2ec2c00c31b84,De_1,6.75,tfidf_ridge_total_only
DM-3e9e2344d0b0bfac,De_1,7.25,tfidf_ridge_total_only
DM-c5c6cb1ac3711a88,De_1,8.0,tfidf_ridge_total_only
DM-3a1e3f47d0081002,De_1,7.25,tfidf_ridge_total_only
DM-b70cb5c66e47cb44,De_1,7.75,tfidf_ridge_total_only
DM-c2628de77f26412a,De_1,7.25,tfidf_ridge_total_only
DM-6ed587be90a562e3,De_1,7.25,tfidf_ridge_total_only
DM-3dacc72fc9e9f51f,De_1,7.75,tfidf_ridge_total_only
DM-49567469e4d1740b,De_1,7.75,tfidf_ridge_total_only
DM-005cefb97259699e,De_1,7.0,tfidf_ridge_total_only
DM-fd7f30f6f25cc63d,De_1,7.25,tfidf_ridge_total_only
DM-81f39d04513e29ef,De_1,7.75,tfidf_ridge_total_only
DM-1ccd12a61b32f01d,De_1,7.5,tfidf_ridge_total_only
DM-0c1ef6e45d6f35b5,De_1,8.25,tfidf_ridge_total_only
DM-3b07bad5476c1545,De_1,7.75,tfidf_ridge_total_only
DM-8b354e4fe22aec4b,De_1,7.25,tfidf_ridge_total_only
DM-94b53fb7bfe29706,De_2,6.75,tfidf_ridge_total_only
DM-5dfe820001834973,De_2,7.75,tfidf_ridge_total_only
DM-20f71e8f619ce88f,De_2,6.75,tfidf_ridge_total_only
DM-26de251b27626798,De_2,7.25,tfidf_ridge_total_only
DM-2e690ee0fb7cbc2b,De_2,7.5,tfidf_ridge_total_only
DM-d97f42e2347c0b33,De_2,7.0,tfidf_ridge_total_only
DM-639895941fda6de4,De_2,6.75,tfidf_ridge_total_only
DM-8588c5b7ec4cc929,De_2,6.75,tfidf_ridge_total_only
DM-9e7266e4a71ea75d,De_2,6.75,tfidf_ridge_total_only
DM-b6b670ea5bb52c6d,De_2,7.75,tfidf_ridge_total_only
DM-b83a19c88dad8dd7,De_2,7.5,tfidf_ridge_total_only
DM-8c9d7075c6d28158,De_2,6.75,tfidf_ridge_total_only
DM-ae4436425c1e10ef,De_2,6.75,tfidf_ridge_total_only
DM-f0ba59d9b02301d0,De_2,7.75,tfidf_ridge_total_only
DM-07bdc4dad22b4a88,De_2,6.75,tfidf_ridge_total_only
DM-a6348bfee7956aa7,De_2,7.75,tfidf_ridge_total_only
DM-4d37484d3359a15a,De_2,7.0,tfidf_ridge_total_only
DM-278a8ace54419bf8,De_2,7.75,tfidf_ridge_total_only
DM-ed97af83b85f5130,De_2,7.5,tfidf_ridge_total_only
DM-1090d79422b3763b,De_3,7.75,tfidf_ridge_total_only
DM-61cc00a1bbd10323,De_3,7.5,tfidf_ridge_total_only
DM-71dd56222613772e,De_3,7.5,tfidf_ridge_total_only
DM-0980e12915f7cb40,De_3,7.75,tfidf_ridge_total_only
DM-428d12af0580dca1,De_3,7.5,tfidf_ridge_total_only
DM-252971f8c121170f,De_3,7.75,tfidf_ridge_total_only
DM-d00ccde9b7fac168,De_3,7.5,tfidf_ridge_total_only
DM-e43ab4f7bd8457b4,De_3,7.5,tfidf_ridge_total_only
DM-69de62f7df13bca6,De_4,7.5,tfidf_ridge_total_only
DM-6865cd90c21e9f2d,De_4,7.5,tfidf_ridge_total_only
DM-941a78b4ae7d527c,De_4,7.5,tfidf_ridge_total_only
DM-4a2119f8d098f926,De_5,7.5,tfidf_ridge_total_only
DM-09fbcad42f481736,De_5,7.25,tfidf_ridge_total_only
DM-97c8f620c3f8fe3a,De_5,7.25,tfidf_ridge_total_only
